,wkt_geom,Year,Code,PointID..G,ShootDensity,PercentCover,Coords,Habitat,GridID,Latitude,Longitude,DistBouldEdge,DistMussMid,DistMussEdge,Area5m,Perim5m,PerAreaRatio5m,Area10m,Perim10m,PerAreaRatio10m,Area25m,Perim25m,PerAreaRatio25m,Area50m,Perim50m,PerAreaRatio50m,Treatment,Black.goby,Brittlestar,Crab,Green.crab,Hermit.crab,Isopod,Large.shrimp,Lesser.pipefish,Mysid,Other.shrimp,Rock.gunnel,Sand.goby,Seastar,Shortfin.sculpin,Smooth.flatfish,Spider.crab,Spinach.spinach,Straightnosed.pipefish,Three.spined.stickleback,Tiger,Urchin,Herb.snail.ab,Whelk.ab,Herb.snail.bio,Whelk.bio,Richness,Shannon,Simpson,InvSimpson,Evenness,FlatfishFultons,LesserFultons,StraightFultons,PointID..G.1,SMI,NMDS1,NMDS2,UTM_E,UTM_N,Delta+
1,Point (542570.54115970933344215 6171590.97981920558959246),0,,9,NA,100,"55.68824690, 9.67713739",NatSG,9,55.6882469,9.67713739,248.9226908,265.630555,188.7724435,69.35229492,57.74701673,0.832661944,280.9616699,146.8165664,0.522550163,1212.507813,907.7576491,0.748661278,3727.499023,3758.098883,1.00820922,Natural,0,0,0,3,0,0,5,0,0,0,0,0,0,0,0,0,0,0,0,0,0,43,5,158.19,3.76,4,0.791033459,0.391581633,1.64360587,0.28246644,NA,NA,NA,9,NA,-3.702550513,-0.619585983,542570.5412,6171590.98,78.70741886
2,Point (542603.50599015282932669 6171600.34037612099200487),0,,18,NA,98.125,"55.68832811, 9.67766315",NatSG,18,55.68832811,9.67766315,216.5490022,246.903607,157.2129594,56.97607422,45.30266845,0.795117408,223.9379883,159.6903794,0.713100893,1155.634766,1032.556761,0.893497488,4977.722412,3595.603403,0.722339075,Natural,0,0,0,0,0,1,3,0,0,6,1,0,0,0,0,0,0,0,0,0,0,30,1,101.37,0.88,6,0.973804972,0.462585034,1.860759494,0.258173623,NA,NA,NA,18,NA,-2.205551995,-0.86902315,542603.506,6171600.341,84.66126856
3,Point (542677.98211927036754787 6171652.02484625671058893),0,,23,NA,88.75,"55.68878594, 9.67885574",NatSG,23,55.68878594,9.67885574,157.5072666,188.4627904,66.78358528,56.73999023,65.33459768,1.151473545,178.5986328,139.0747843,0.778700162,754.7119141,806.0535402,1.068028111,3791.989746,3299.059339,0.870007452,Natural,0,0,0,1,0,3,0,1,0,6,0,0,2,0,0,0,0,1,0,0,0,40,5,122,4.2,8,1.178638194,0.518241885,2.075730471,0.249221666,NA,366.0461628,1212.214444,23,0.94993785,-3.202054334,0.875188947,542677.9821,6171652.025,88.51473029
4,Point (542623.85448610968887806 6171599.93264125566929579),0,,28,NA,54.16666667,"55.68832266, 9.67798673",NatSG,28,55.68832266,9.67798673,196.2401285,243.190727,141.6067861,66.43945313,67.61369686,1.017673892,212.9042969,235.4080319,1.10569883,1355.602051,1010.61525,0.745510269,5429.81958,3555.896506,0.654882994,Natural,0,0,0,0,0,0,3,0,0,6,0,0,0,0,0,0,0,0,0,0,0,10,2,30.5,1.89,4,1.213163439,0.662131519,2.959731544,0.47762693,NA,NA,NA,28,NA,0.141122646,-0.404562862,542623.8545,6171599.933,78.70741886
5,Point (542602.69188482535537332 6171578.77038892637938261),0,,30,NA,80.625,"55.68813438, 9.67764685",NatSG,30,55.68813438,9.67764685,216.6601387,268.0753147,171.359134,36.78125,74.76348561,2.032652115,155.9770508,234.9791043,1.506497931,1007.332764,1133.001516,1.124753961,4391.938477,4079.082669,0.928765895,Natural,0,0,0,2,0,1,6,2,0,5,0,0,1,0,1,0,0,0,0,0,0,67,21,207.39,3.42,9,1.19910219,0.554823781,2.246301479,0.252511185,34.980125,366.2921159,NA,30,1.10096411,-5.418848027,2.568440085,542602.6919,6171578.771,86.51133485
6,Point (542569.72767206304706633 6171548.65473704691976309),0,,33,NA,95.5,"55.68786669, 9.67711788",NatSG,33,55.68786669,9.67711788,247.2034325,305.9169481,215.9192651,29.99951172,43.85932273,1.46200122,82.3918457,154.6568255,1.877088979,553.8701172,1101.856254,1.989376606,2518.555908,3515.933936,1.396011867,Natural,0,0,0,2,0,0,9,0,0,1,0,0,0,0,0,0,0,0,0,0,0,18,0,44.73,0,5,1.243139782,0.672818147,3.05640423,0.418045419,NA,NA,NA,33,NA,-1.845057216,2.486679479,542569.7277,6171548.655,61.70362776
7,Point (542623.44768620445393026 6171578.7706467816606164),0,,40,NA,98.33333333,"55.68813256, 9.67797697",NatSG,40,55.68813256,9.67797697,195.9077533,264.1652259,155.1798983,56.56323242,60.76594517,1.074301142,254.1660156,193.4147395,0.760977974,1191.912354,1177.268601,0.987714069,4868.799561,3905.463483,0.802140946,Natural,0,0,0,0,0,0,6,0,1,4,0,0,0,0,1,0,0,0,0,0,0,22,12,71.02,3.39,6,1.347825135,0.677693762,3.102639296,0.37822809,30.70824874,NA,NA,40,NA,-1.659247619,1.34604771,542623.4477,6171578.771,84.66126856
8,Point (542699.14452770294155926 6171630.04892071895301342),0,,45,NA,88.75,"55.68858663, 9.67918891",NatSG,45,55.68858663,9.67918891,129.2360767,212.9276721,64.05342712,46.80273438,50.02114521,1.068765444,216.8083496,133.0384437,0.613622326,1002.968506,804.260169,0.801879784,3958.44165,3815.868028,0.963982386,Natural,0,1,0,1,0,0,1,1,0,8,0,0,2,0,0,0,0,0,0,0,1,31,10,87.6,4.68,9,1.391400245,0.638392857,2.765432099,0.29054511,NA,262.6230332,NA,45,0.99427345,-2.18061205,1.536850788,542699.1445,6171630.049,89.24438733
9,Point (542666.99346645770128816 6171578.3639713954180479),0,,60,NA,88.75,"55.68812508, 9.67866950",NatSG,60,55.68812508,9.6786695,152.3827013,261.5955163,121.4908598,53.06152344,74.01138264,1.394822045,206.4526367,214.2918115,1.037970814,1379.332031,1122.61267,0.81388139,4919.473389,3795.731201,0.771572667,Natural,0,0,0,3,0,0,2,2,0,3,0,0,0,0,0,1,0,1,0,0,0,24,19,64.34,7.59,8,1.433116913,0.680991736,3.134715026,0.3274878,NA,293.3370829,724.4976894,60,1.59253036,-1.8625923,1.908981858,542666.9935,6171578.364,78.49193609
10,Point (542644.20295744063332677 6171556.38645965047180653),0,,62,NA,98.33333333,"55.68792962, 9.67830360",NatSG,62,55.68792962,9.6783036,173.0907465,284.1868315,153.0228399,71.20678711,71.41960731,1.002988763,258.534668,169.1085081,0.654103797,1243.09082,1022.869638,0.822843851,3976.591064,3951.289572,0.993637391,Natural,0,0,0,0,0,0,0,0,1,7,0,0,0,0,0,0,0,0,0,0,0,12,0,30.7,0,4,1.115238789,0.635108481,2.740540541,0.458133928,NA,NA,NA,62,NA,0.414837586,2.1566172,542644.203,6171556.387,82.94575254
11,Point (542633.62204169493634254 6171546.21263192966580391),0,,63,NA,74.16666667,"55.68783914, 9.67813373",NatSG,63,55.68783914,9.67813373,183.2837785,295.2136725,167.6435794,43.69482422,91.6545844,2.097607349,201.463623,210.1172904,1.042953994,1009.77417,1029.762203,1.019794557,3352.79126,4189.105633,1.249438247,Natural,0,0,0,0,0,0,1,0,2,11,0,0,0,0,0,0,0,0,0,0,0,18,5,46.33,1.36,5,1.236944303,0.65303141,2.882105263,0.405751228,NA,NA,NA,63,NA,-0.383398188,0.894080695,542633.622,6171546.213,76.99190284
12,Point (542719.90036537428386509 6171608.07245155237615108),0,,67,NA,77.5,"55.68838735, 9.67951561",NatSG,67,55.68838735,9.67951561,102.652884,238.6944977,61.64052997,60.33032227,59.14665429,0.980380215,223.7404785,216.2294046,0.966429526,1141.549316,1110.278959,0.97260709,4069.407959,4042.813004,0.993464662,Natural,0,0,0,0,0,2,0,2,0,3,0,0,3,0,0,0,0,0,0,0,0,21,9,89.92,11.23,6,1.362023083,0.6575,2.919708029,0.366957737,NA,399.9855144,NA,67,1.13441953,-1.156549503,1.436053357,542719.9004,6171608.073,93.17830102
13,Point (542729.26032200094778091 6171575.92181793600320816),0,,90,NA,68.125,"55.68809766, 9.67965947",NatSG,90,55.68809766,9.67965947,90.30011808,272.1651335,74.48710383,68.55883789,48.39482124,0.705887421,256.7050781,163.2022866,0.63575792,1029.17627,939.152807,0.912528626,3870.74585,4147.280689,1.071442262,Natural,0,0,0,1,0,1,0,0,0,1,0,0,3,0,0,2,0,0,0,0,0,20,6,93.37,10.19,7,1.31026248,0.60899654,2.557522124,0.312962312,NA,NA,NA,90,NA,-1.109792193,0.932311838,542729.2603,6171575.922,79.3128951
14,Point (542771.58546296483837068 6171553.94552017562091351),0,,122,NA,93.75,"55.68789648, 9.68032922",NatSG,122,55.68789648,9.68032922,46.24498253,305.8721416,70.84794333,57.99707031,65.31693577,1.126210952,176.654541,255.2561135,1.4449451,1020.845947,1131.345158,1.108242787,2839.769287,3031.676293,1.067578379,Natural,0,0,0,1,0,3,4,3,0,0,0,0,2,1,0,0,0,0,0,0,0,17,0,53.9,0,8,1.653125232,0.733382031,3.750684932,0.352682206,NA,301.580978,NA,122,1.04389155,-2.041351774,-0.153286834,542771.5855,6171553.946,89.04376326
15,Point (542771.17855826986487955 6171531.96879015024751425),0,,134,NA,93.75,"55.68769906, 9.68031932",NatSG,134,55.68769906,9.68031932,47.46436083,326.3865715,92.49632864,44.30932617,42.90140201,0.968225106,162.9230957,122.9862136,0.754872801,978.3383789,984.4244126,1.006220786,2656.972656,3374.622215,1.270100468,Natural,0,0,0,4,0,0,1,1,0,0,0,0,1,0,0,0,0,0,0,0,0,30,14,80.15,1.23,6,1.097945211,0.571318724,2.332735426,0.318859051,NA,368.7432891,NA,134,0.99639643,-2.659197199,1.275630575,542771.1786,6171531.969,91.48296754
16,Point (542791.5273593373131007 6171510.805599101819098),0,,156,NA,98.75,"55.68750712, 9.68063966",NatSG,156,55.68750712,9.68063966,39.64996285,353.313955,112.4123934,39.94995117,59.25421056,1.483211088,147.4335938,229.2830677,1.555161628,916.8657227,1001.263626,1.092050451,2483.930176,2808.134553,1.130520729,Natural,1,0,0,1,0,0,2,0,1,0,0,0,0,0,0,0,0,0,0,0,0,18,18,58.54,11.79,6,1.141872612,0.610350982,2.566412214,0.340643369,NA,NA,NA,156,NA,-1.41651936,1.957218462,542791.5274,6171510.806,84.66126856
17,Point (542725.19046154257375747 6171448.53980414476245642),0,,162,NA,84.375,"55.68695352, 9.67957489",NatSG,162,55.68695352,9.67957489,129.1607123,396.3284425,185.1621684,5.538574219,20.90800094,3.774978924,44.71533203,87.96118624,1.967137048,214.395752,750.8559152,3.502195862,877.3759766,2490.293604,2.838342592,Natural,0,0,0,3,0,0,1,2,1,4,0,0,0,0,0,0,0,0,0,0,0,42,4,95.18,5.13,7,1.012268635,0.442597722,1.794036444,0.227450236,NA,298.3972762,NA,162,1.23252021,-3.075658683,0.211699704,542725.1905,6171448.54,79.3128951
18,Point (542802.10844423610251397 6171478.6548554664477706),0,,179,NA,77.5,"55.68721732, 9.68080293",NatSG,179,55.68721732,9.68080293,51.49975988,387.1287958,145.2671941,9.838378906,37.17592062,3.77866323,138.3303223,174.2811126,1.259890888,602.4350586,716.3983569,1.189171093,2129.346924,2820.047715,1.324372127,Natural,0,0,0,0,0,0,1,2,0,5,0,0,0,0,0,0,0,0,0,0,0,4,1,7.6,1.13,5,1.412744637,0.721893491,3.595744681,0.448537645,NA,371.1710814,NA,179,1.06632729,1.09936005,-0.838819943,542802.1084,6171478.655,87.22445131
19,Point (542833.85234511212911457 6171468.07365441415458918),0,,200,NA,92.5,"55.68711945, 9.68130615",NatSG,200,55.68711945,9.68130615,27.91491107,409.2266234,162.0063131,53.11450195,51.70780313,0.97351573,114.8823242,167.0976283,1.454511209,513.1877441,827.6948665,1.612850026,1530.826172,2211.17346,1.444431445,Natural,0,0,0,1,0,0,5,1,0,0,0,0,1,0,0,0,0,2,0,0,0,13,1,50.74,1.17,7,1.395644432,0.649305556,2.851485149,0.333677049,NA,656.6713386,315.7134902,200,1.20248031,-1.248058133,-1.98745582,542833.8523,6171468.074,89.55894918
20,Point (542874.54955859226174653 6171423.30713534820824862),0,,244,NA,86.25,"55.68671364, 9.68194642",NatSG,244,55.68671364,9.68194642,22.99743352,442.9724958,215.4834995,34.94677734,118.1304899,3.380297093,59.28735352,260.6229193,4.395927696,386.8017578,1246.316716,3.222107167,979.8125,2630.682806,2.684883899,Natural,0,0,0,0,0,0,0,0,0,0,0,0,0,0,0,0,0,3,0,0,0,21,2,80.33,1.15,3,0.618977214,0.328402367,1.488986784,0.298924716,NA,NA,357.1802027,244,NA,-1.702323391,-1.796524603,542874.5496,6171423.307,82.94575254
21,Point (542698.1609963629161939 6171587.81784670893102884),2020,1m,1m-01,6.63,NA,"55.68820728, 9.67916669",RestSG,69,55.68820728,9.67916669,121.2749191,254.529589,91.27390987,5.366943359,34.74986331,6.474795985,85.64379883,214.2990979,2.502213831,1073.689209,1211.294184,1.128160899,4649.828857,3945.421047,0.848508874,3-years-old,0,0,1,5,0,0,4,0,0,0,0,0,1,0,0,0,0,0,0,0,0,1,24,123.81,17.53,6,1.087250635,0.521604938,2.090322581,0.291113259,NA,NA,NA,1m-01,NA,1.628922878,3.541941681,542698.161,6171587.818,81.27060161
22,Point (542708.40340083511546254 6171576.5500212237238884),2020,1m,1m-02,6.63,NA,"55.68810514, 9.67932784",RestSG,80,55.68810514,9.67932784,111.0763836,267.2423236,90.34823185,67.67260742,57.66471119,0.852113039,174.7519531,183.2212184,1.048464496,1085.338135,1017.024871,0.937058082,4156.864258,4062.064496,0.977194405,3-years-old,0,0,0,3,0,0,1,3,0,5,0,0,1,0,0,0,0,0,0,0,0,26,4,109.65,1.77,7,1.321791959,0.601406165,2.508819539,0.309061632,NA,407.2983573,NA,1m-02,1.154570867,-1.773302242,0.43281223,542708.4034,6171576.55,86.62185829
23,Point (542687.57653187564574182 6171576.54977654665708542),2020,1m,1m-03,6.63,76.25,"55.68810697, 9.67899659",RestSG,70,55.68810697,9.67899659,131.8779904,264.5123256,106.5828563,71.51733398,37.54302511,0.524950009,230.7429199,202.6935533,0.878438885,1227.572754,1206.065864,0.982480151,4427.24585,3836.105738,0.866476782,3-years-old,0,0,0,2,0,1,9,0,0,1,0,0,1,0,0,0,0,1,0,0,0,22,4,87.44,3.53,8,1.403586043,0.649613325,2.853989813,0.312397974,NA,NA,213.0084029,1m-03,NA,-2.354297494,-0.644137244,542687.5765,6171576.55,84.48467132
24,Point (542697.47794600098859519 6171565.62472894601523876),2020,1m,1m-04,6.63,66.25,"55.68800794, 9.67915237",RestSG,81,55.68800794,9.67915237,121.2386397,276.4512207,105.7082607,70.96289063,53.45287539,0.753251099,235.9194336,204.8666099,0.868375304,1146.248047,988.7590998,0.862604828,3815.328857,3817.741325,1.000632309,3-years-old,1,0,0,0,0,3,1,1,0,6,0,0,0,0,0,0,0,0,0,0,0,11,4,32.6,0.12,7,1.593302824,0.746227709,3.940540541,0.383485183,NA,63.29866992,NA,1m-04,1.85407161,0.086437369,0.094885389,542697.4779,6171565.625,86.60744219
25,Point (542687.23528303892817348 6171555.72342543676495552),2020,1m,1m-05,6.63,NA,"55.68791988, 9.67898792",RestSG,82,55.68791988,9.67898792,130.1309512,285.2350008,119.8946223,66.05297852,59.25044145,0.897013924,281.154541,168.582064,0.599606406,1225.873291,924.4406952,0.754107869,3638.397949,3879.34598,1.066223661,3-years-old,0,0,0,1,0,0,4,0,0,1,0,0,0,0,0,0,0,0,0,0,0,18,6,63.86,3.55,5,1.123783185,0.58,2.380952381,0.360374262,NA,63.29866992,NA,1m-05,NA,-1.132622518,0.012019665,542687.2353,6171555.724,71.90590242
26,Point (542697.13675320812035352 6171544.79726429656147957),2020,1m,1m-06,6.63,NA,"55.68782084, 9.67914370",RestSG,93,55.68782084,9.6791437,119.7629698,297.0973121,119.1188766,37.00976563,59.75074752,1.614458954,149.831543,173.2779946,1.156485418,853.4055176,965.6380225,1.131511342,3036.570557,3849.929241,1.267854367,3-years-old,0,0,0,1,0,2,1,1,1,0,0,0,1,0,0,0,0,0,0,0,0,30,2,99.92,1.02,8,0.976163949,0.399737015,1.665936473,0.19223287,NA,108.4658645,NA,1m-06,NA,-2.519583524,-0.883820095,542697.1368,6171544.797,86.30110005
27,Point (542729.23081487941090018 6171554.35726100020110607),2020,4x9,4x9-01,2.52,NA,"55.68790391, 9.67965564",RestSG,102,55.68790391,9.67965564,88.1976342,293.1316754,89.73552328,11.80273438,23.8832946,2.023539109,42.48413086,107.3083541,2.525845579,677.8525391,1022.355373,1.50822681,3321.705322,3974.559801,1.196541961,3-years-old,0,0,0,2,0,0,6,1,0,4,1,0,0,0,1,0,0,1,0,0,0,18,3,75.55,3.43,9,1.637821774,0.712929145,3.48346056,0.324468037,1.032080088,425.0694387,479.0070048,4x9-01,1.09328675,-1.309852362,-0.445184347,542729.2308,6171554.357,82.54829811
28,Point (542739.47378983406815678 6171543.43231466040015221),2020,4x9,4x9-02,2.52,32.5,"55.68780485, 9.67981685",RestSG,113,55.68780485,9.67981685,77.43651381,306.1820531,92.72628379,3.494873047,11.90257115,3.405723468,51.2644043,106.0348317,2.068390985,594.6303711,995.6050694,1.674325964,2972.843994,3812.159416,1.282327436,3-years-old,0,0,0,0,1,0,2,2,0,9,0,0,0,0,1,0,0,1,0,0,0,8,5,29.08,4.74,8,1.738663698,0.784780024,4.64640884,0.377399416,14.498602,161.3875146,506.7989442,4x9-02,0.978865085,0.40636948,0.768216185,542739.4738,6171543.432,83.04381997
29,Point (542750.05760498449672014 6171532.50628112908452749),2020,4x9,4x9-03,2.52,NA,"55.68770575, 9.67998348",RestSG,124,55.68770575,9.67998348,67.94774515,319.4955982,97.81301755,39.0378418,79.80684363,2.04434569,136.3195801,209.8644448,1.539503311,604.5515137,806.5609905,1.334147665,2693.848633,3796.953015,1.409490113,3-years-old,0,0,0,3,0,0,3,2,0,0,0,0,0,0,0,0,0,0,0,0,0,20,6,75.22,0.53,5,1.213326102,0.603806228,2.524017467,0.375165903,NA,561.0739702,NA,4x9-03,1.149280925,-1.779396476,-0.149937138,542750.0576,6171532.506,87.22445131
30,Point (542760.64168814814183861 6171522.26365395728498697),2020,4x9,4x9-04,2.52,NA,"55.68761279, 9.68015022",RestSG,135,55.68761279,9.68015022,60.57215862,332.3187698,104.2164294,28.41186523,40.10261425,1.411474182,115.1291504,110.8133027,0.962512989,743.0185547,727.549296,0.979180522,2602.652832,3602.484884,1.384158824,3-years-old,0,0,1,1,0,1,7,2,1,1,0,0,1,1,0,0,0,1,0,0,0,30,14,95.13,10.75,12,1.58644125,0.68906208,3.216076059,0.27729898,NA,488.4048876,884.4058432,4x9-04,0.96129495,-3.024378692,1.230709177,542760.6417,6171522.264,82.3482431
31,Point (542718.30495858297217637 6171544.11417859327048063),2020,4x9,4x9-05,2.52,85,"55.68781284, 9.67948027",RestSG,103,55.68781284,9.67948027,98.59656083,300.9294725,104.6198009,33.73681641,61.72084466,1.829480408,93.9621582,194.1650983,2.066418035,440.236084,842.2559609,1.913191561,3038.402344,3695.766658,1.216351964,3-years-old,0,0,0,0,0,0,1,1,0,3,0,0,0,0,0,0,0,0,0,0,0,27,1,100.84,1.41,5,0.700039918,0.319559229,1.469635628,0.198553312,NA,190.34163,NA,4x9-05,0.93560413,-1.670483831,-0.649473959,542718.305,6171544.114,87.22445131
32,Point (542728.54772502882406116 6171533.53089405316859484),2020,4x9,4x9-06,2.52,NA,"55.68771685, 9.67964153",RestSG,114,55.68771685,9.67964153,89.05691922,313.3212348,106.9096528,5.516845703,28.29283731,5.128444555,43.45605469,142.5412164,3.280123273,398.9960938,859.8145353,2.154944744,2605.662842,3824.089409,1.467607147,3-years-old,1,0,0,1,0,0,3,1,0,3,0,0,0,0,0,0,0,0,0,0,0,16,1,55.26,1,7,1.298362181,0.588757396,2.431654676,0.30256145,NA,73.6880036,NA,4x9-06,1.03631726,-0.738237186,-0.750690772,542728.5477,6171533.531,84.18553723
33,Point (542738.79033310478553176 6171522.26313989795744419),2020,4x9,4x9-07,2.52,NA,"55.68761471, 9.67980268",RestSG,125,55.68761471,9.67980268,81.27188029,326.5740069,111.7385421,9.848388672,37.52571163,3.810340237,27.95922852,103.786195,3.712055035,428.2175293,835.0127487,1.9499733,2187.939941,3770.460353,1.723292437,3-years-old,0,0,0,0,0,0,1,1,0,3,0,0,0,0,0,0,0,0,0,0,0,27,1,87.34,2.2,5,0.700039918,0.319559229,1.469635628,0.198553312,NA,508.2777012,NA,4x9-07,1.14981015,-1.670483831,-0.649473959,542738.7903,6171522.263,87.22445131
34,Point (542749.7162230066023767 6171511.33823169115930796),2020,4x9,4x9-08,2.52,NA,"55.68751559, 9.67997475",RestSG,136,55.68751559,9.67997475,75.01712018,339.834423,117.8008945,0,0,2,3.597900391,21.20029238,5.892406702,467.4951172,843.6227897,1.804559574,2061.280029,3607.129497,1.749946366,3-years-old,0,0,0,0,0,0,1,0,0,1,0,0,0,0,0,0,0,0,0,0,0,6,2,25.2,1.45,4,1.088899975,0.58,2.380952381,0.418381562,NA,NA,NA,4x9-08,NA,0.59194412,-0.659033415,542749.7162,6171511.338,78.70741886
35,Point (542688.60062805458437651 6171618.88697752170264721),2020,9felt,9felt-01,4.38,NA,"55.68848727, 9.67901947",RestSG,46,55.68848727,9.67901947,135.6861048,222.4893071,79.26427473,4.446289063,21.97307599,4.94189102,103.0874023,138.7928156,1.346360588,1027.896973,1010.035723,0.982623503,4377.311279,3536.428279,0.807899657,3-years-old,1,0,0,0,0,0,6,2,0,2,0,0,0,0,1,0,0,0,0,0,0,11,0,46.6,0,7,1.567424309,0.7264,3.65497076,0.373295756,7.542248896,378.0063002,NA,9felt-01,1.13290633,-0.546045226,-1.016847404,542688.6006,6171618.887,84.66126856
36,Point (542698.84358778060413897 6171608.64420376345515251),2020,9felt,9felt-02,4.38,NA,"55.68839434, 9.67918079",RestSG,57,55.68839434,9.67918079,123.2779888,234.01416,77.69606473,20.85375977,55.21355348,2.647654625,138.1914063,184.98491,1.338613702,1064.14624,1036.717074,0.974224251,4500.771484,3926.193535,0.872337898,3-years-old,0,0,0,1,0,0,7,2,0,1,0,0,2,0,0,0,0,0,0,0,0,14,1,46.75,2.3,7,1.427177282,0.673469388,3.0625,0.346094802,NA,398.6847742,NA,9felt-02,1.286279825,-1.239842201,-1.667822806,542698.8436,6171608.644,86.62185829
37,Point (542676.9922693045809865 6171609.32737200986593962),2020,9felt,9felt-03,4.38,NA,"55.68840240, 9.67883335",RestSG,47,55.6884024,9.67883335,144.8317709,231.007034,94.30114957,41.28515625,76.58765493,1.85508938,177.1149902,290.73692,1.641515039,1133.875732,1132.985851,0.999215186,4829.737061,3442.670786,0.712807083,3-years-old,0,1,0,1,0,0,6,1,0,3,0,0,3,0,0,0,0,2,0,0,0,21,6,83.53,2.98,9,1.661142977,0.722107438,3.598513011,0.328645258,NA,316.1795843,272.3172604,9felt-03,1.11008653,-2.219733679,0.418567647,542676.9923,6171609.327,88.67033566
38,Point (542687.91799053899012506 6171598.06062197498977184),2020,9felt,9felt-04,4.38,NA,"55.68830021, 9.67900537",RestSG,58,55.68830021,9.67900537,132.3186264,243.1279618,92.84215487,39.06005859,95.160703,2.436266264,168.111084,303.4767526,1.805215607,1002.588623,1297.567414,1.294217173,4908.965088,3709.023189,0.755561126,3-years-old,0,0,0,1,0,0,3,0,0,6,0,0,0,0,0,0,1,1,0,0,0,21,12,64.29,1.53,7,1.411101497,0.687407407,3.199052133,0.353257527,NA,NA,616.1604626,9felt-04,NA,-1.279484066,1.304435281,542687.918,6171598.061,84.18553723
39,Point (542666.74943586019799113 6171598.74273498822003603),2020,9felt,9felt-05,4.38,58.75,"55.68830820, 9.67866879",RestSG,48,55.6883082,9.67866879,153.4313382,241.2076711,108.9156887,62.85742188,68.49010364,1.089610449,255.3164063,229.5925644,0.899247204,1431.08667,1119.959398,0.78259369,5235.158936,3504.768575,0.669467464,3-years-old,1,0,0,0,0,0,1,0,0,4,0,0,0,0,0,0,0,1,0,0,0,16,0,63.37,0,6,1.277477296,0.657959184,2.923627685,0.367214012,NA,NA,413.95667,9felt-05,NA,-0.534355075,1.100151094,542666.7494,6171598.743,87.22445131
40,Point (542677.33355323376599699 6171587.81764454953372478),2020,9felt,9felt-06,4.38,80,"55.68820911, 9.67883543",RestSG,59,55.68820911,9.67883543,142.0853256,252.508487,107.5089552,42.30493164,94.71560759,2.238878635,186.2492676,308.1987031,1.654764645,1264.091064,1279.64523,1.012304624,5032.263184,3660.378158,0.727382099,3-years-old,0,0,0,0,0,3,1,1,0,1,0,0,0,0,1,0,0,1,0,0,0,26,1,105.69,1.31,8,1.040881009,0.435918367,1.772793054,0.209632422,8.983359744,878.3132798,393.3547531,9felt-06,0.90340973,-1.855484173,-0.946481874,542677.3336,6171587.818,84.86024869
41,Point (542685.90114473819267005 6171513.902962701395154),0,,B106,NA,NA,"55.68754425, 9.67896019",Bare,106,55.68754425,9.67896019,134.5732031,326.8453632,148.7491446,32.01098633,34.71973977,1.084619493,87.08642578,134.6512358,1.54617938,377.6115723,1034.155805,2.738676144,2142.883057,3670.675672,1.712961265,Bare,0,0,0,0,0,0,0,0,1,3,0,0,0,0,0,0,0,0,0,0,0,7,7,22.74,8.34,4,1.193784038,0.666666667,3,0.480898347,NA,NA,NA,B106,NA,0.828409113,0.396642513,542685.9011,6171513.903,82.94575254
42,Point (542642.48613502527587116 6171471.3558456189930439),0,,B110,NA,NA,"55.68716579, 9.67826307",Bare,110,55.68716579,9.67826307,189.2129096,369.1958227,209.4842949,0,0,2,20.3293457,24.30201281,1.195415394,258.5720215,518.4430543,2.005023789,1282.058838,2648.023662,2.065446283,Bare,0,0,1,0,0,0,1,1,3,5,0,0,0,0,0,0,0,0,0,0,0,0,3,0,1.68,6,1.593424237,0.765306122,4.260869565,0.42712548,NA,216.0851886,NA,B110,1.52213282,2.955315699,-0.593302304,542642.4861,6171471.356,74.44890263
43,Point (542751.04331801703665406 6171554.77694752346724272),0,,B112,NA,NA,"55.68790576, 9.68000263",Bare,112,55.68790576,9.68000263,66.62073925,298.4076676,77.17249267,8.894287109,33.0032429,3.710611373,89.71728516,237.9549611,2.652275541,864.1491699,1148.828603,1.329433208,3236.609131,3707.050328,1.145350019,Bare,0,7,0,1,0,0,0,1,0,11,0,0,1,0,0,0,0,0,0,0,0,8,20,25.87,7.75,7,1.513281587,0.734693878,3.769230769,0.377557966,NA,416.787715,NA,B112,0.94284432,0.886111645,2.575284426,542751.0433,6171554.777,92.22972157
44,Point (542657.25937496148981154 6171652.27952297497540712),0,,B13,NA,NA,"55.68879005, 9.67852618",Bare,13,55.68879005,9.67852618,176.4404995,187.7168436,82.77736045,2.393554688,15.95237488,6.664721286,46.27075195,103.0712691,2.22756849,915.6855469,779.4769933,0.851249641,4076.193848,3376.671362,0.828388317,Bare,0,0,0,0,0,0,0,0,1,4,0,0,0,0,0,0,0,0,0,0,0,3,4,3.17,5.62,4,1.286057337,0.708333333,3.428571429,0.510954494,NA,NA,NA,B13,NA,1.578309638,-0.004598205,542657.2594,6171652.28,82.94575254
45,Point (542684.16461033665109426 6171470.92216385807842016),0,,B130,NA,NA,"55.68715823, 9.67892588",Bare,130,55.68715823,9.67892588,151.8678847,369.6474371,183.6192776,7.087890625,33.4466264,4.718840649,33.63671875,126.2110401,3.752180499,202.486084,593.3521227,2.930335315,982.3581543,2413.060442,2.456395798,Bare,0,0,0,1,0,0,0,0,0,4,0,0,0,0,3,0,0,0,0,0,0,1,3,2.19,1.89,5,1.473502385,0.75,4,0.466001201,11.31569112,NA,NA,B130,NA,2.596120614,0.028057452,542684.1646,6171470.922,87.22445131
46,Point (542792.35781863960437477 6171531.641216523014009),0,,B144,NA,NA,"55.68769425, 9.68065612",Bare,144,55.68769425,9.68065612,27.80655146,334.3021613,91.64445649,14.83251953,33.00910772,2.2254552,100.7250977,222.3937166,2.207927535,740.9799805,850.9519132,1.148414175,2585.461914,2789.153557,1.078783463,Bare,0,0,0,0,0,0,0,0,0,6,0,0,1,0,0,0,0,0,0,0,0,4,2,8.65,1.92,4,1.20479331,0.662721893,2.964912281,0.478052795,NA,NA,NA,B144,NA,1.547349119,-0.370998471,542792.3578,6171531.641,91.47287627
47,Point (542759.71965662448201329 6171501.06876295804977417),0,,B147,NA,NA,"55.68742244, 9.68013225",Bare,147,55.68742244,9.68013225,71.6920273,352.3891817,125.0395737,9.253173828,30.51742816,3.298049807,39.52075195,99.14014477,2.508559171,421.3466797,644.6736844,1.530031481,2103.945557,3437.851524,1.634002131,Bare,0,0,0,0,0,0,0,0,0,4,0,0,0,0,2,0,0,0,0,0,0,1,14,3.67,12.01,4,0.955080799,0.507936508,2.032258065,0.366398741,19.70167812,NA,NA,B147,NA,2.560843298,1.382038567,542759.7197,6171501.069,91.47287627
48,Point (542716.29131988959852606 6171460.06894790753722191),0,,B151,NA,NA,"55.68705789, 9.67943515",Bare,151,55.68705789,9.67943515,130.3676871,383.6069777,177.6783973,16.40917969,26.00194032,1.584597208,89.12231445,169.3557755,1.900262315,256.4384766,718.8848489,2.803342379,948.5703125,2758.371396,2.907925074,Bare,0,0,0,0,0,0,0,0,0,5,0,0,0,0,1,0,0,0,0,0,0,1,2,1.93,0.63,4,1.149059697,0.617283951,2.612903226,0.445276247,3.389643125,NA,NA,B151,NA,2.394868094,-0.249428939,542716.2913,6171460.069,91.47287627
49,Point (542790.70550619496498257 6171468.84320452902466059),0,,B180,NA,NA,"55.68713017, 9.68062004",Bare,180,55.68713017,9.68062004,65.33198594,392.4497857,154.3261659,0,0,2,12.92797852,41.6366911,3.220665246,402.217041,609.7963125,1.51608771,1756.891846,2767.931804,1.575470801,Bare,0,0,0,0,0,0,0,0,0,7,0,0,0,0,0,0,0,0,0,0,0,1,16,4.25,11.17,3,0.762104222,0.46875,1.882352941,0.426674637,NA,NA,NA,B180,NA,2.570844871,1.517146215,542790.7055,6171468.843,82.94575254
50,Point (542758.40428648830857128 6171436.62461908534169197),0,,B183,NA,NA,"55.68684354, 9.68010128",Bare,183,55.68684354,9.68010128,108.4859288,414.4605294,188.6594103,0,0,2,13.67895508,50.18525539,3.668793055,182.3125,640.336236,3.512300232,488.4750977,1639.727838,3.356829952,Bare,0,0,0,0,0,0,0,0,0,8,0,0,0,0,1,0,0,0,0,0,0,0,1,0,0.52,4,0.885574152,0.446280992,1.805970149,0.321923687,3.539650752,NA,NA,B183,NA,2.646495051,-0.520569848,542758.4043,6171436.625,100
51,Point (542811.77581547119189054 6171446.53300862386822701),0,,B202,NA,NA,"55.68692786, 9.68095167",Bare,202,55.68692786,9.68095167,58.11806726,420.599903,178.3347941,0,0,2,5.854003906,13.5601304,2.316385609,180.6367188,319.0146186,1.766056319,1216.382813,2056.038764,1.690289227,Bare,0,0,0,0,0,0,0,0,0,4,0,0,0,0,2,0,0,0,0,0,0,1,26,4.35,19.03,4,0.71947781,0.359963269,1.56241033,0.259658612,37.44405048,NA,NA,B202,NA,2.803848268,2.635323973,542811.7758,6171446.533,91.47287627
52,Point (542779.24322499055415392 6171415.78560332488268614),0,,B205,NA,NA,"55.68665447, 9.68042946",Bare,205,55.68665447,9.68042946,102.0873865,439.8145375,207.477175,0,0,2,0.848632813,7.860958598,9.263085851,29.27441406,104.6658889,3.575336767,284.0231934,814.7692552,2.868671553,Bare,0,0,0,0,0,0,0,0,0,6,0,0,0,0,0,0,0,0,0,0,0,0,9,0,9.63,2,0.673011667,0.48,1.923076923,0.69249362,NA,NA,NA,B205,NA,3.280701552,0.651780827,542779.2432,6171415.786,100
53,Point (542842.76200594916008413 6171435.79195062536746264),0,,B223,NA,NA,"55.68682862, 9.68144281",Bare,223,55.68682862,9.68144281,40.58542765,442.3265926,195.4864077,8.860107422,29.41328522,3.319743635,55.09960938,108.0033475,1.960147245,310.1728516,725.6997871,2.339662493,1005.869385,2382.618066,2.368715165,Bare,0,0,0,0,0,0,0,0,0,1,0,0,0,0,1,0,0,0,0,0,0,0,2,0,1.32,3,1.039720771,0.625,2.666666667,0.568899517,13.58565912,NA,NA,B223,NA,3.273543484,-0.739808662,542842.762,6171435.792,100
54,Point (542830.90691176126711071 6171361.51667405571788549),0,,B260,NA,NA,"55.68616232, 9.68124266",Bare,260,55.68616232,9.68124266,96.97015197,448.5128766,229.2294333,15.02636719,55.327129,3.682002995,46.15014648,133.177916,2.885752835,239.989502,541.5329876,2.256486151,723.3996582,1489.815567,2.059464018,Bare,0,0,0,0,0,0,0,0,0,0,0,0,0,0,0,0,0,0,0,0,0,0,2,0,2.45,1,0,0,1,NA,NA,NA,NA,B260,NA,3.262083925,-1.515668024,542830.9069,6171361.517,NA
55,Point (542860.51281804603058845 6171286.23632042203098536),0,,B317,NA,NA,"55.68548333, 9.68170175",Bare,317,55.68548333,9.68170175,125.885092,392.4979472,192.0971268,0,0,2,0,0,0,0,0,2,83.52685547,213.079126,2.551025354,Bare,0,0,0,1,0,0,0,0,0,1,0,1,0,0,0,0,0,0,0,0,0,3,5,0.26,0.76,5,1.366711052,0.694214876,3.27027027,0.431339955,NA,NA,NA,B317,NA,1.450838398,-0.036347774,542860.5128,6171286.236,87.22445131
56,Point (542678.33027302788104862 6171629.55689653567969799),0,,B35,NA,NA,"55.68858404, 9.67885778",Bare,35,55.68858404,9.67885778,148.6316711,210.9017578,80.58627267,4.211425781,15.8481999,3.763143582,62.6418457,124.1031136,1.981153528,1067.075195,845.9935247,0.792815285,4443.623047,3319.358685,0.746993759,Bare,0,0,0,0,0,0,0,0,0,4,0,0,0,0,1,0,0,0,0,0,0,1,8,5.99,6.25,4,1.054720917,0.581632653,2.390243902,0.419559272,1.77447456,NA,NA,B35,NA,2.335642064,0.60216433,542678.3303,6171629.557,91.47287627
57,X,X,,B84,NA,NA,X,Bare,84,55.68774112,9.67863213,142.5117779,293.7352524,135.7267235,0,0,2,55.864,113.888,2.03866533,767.2316894,773.1759498,1.007747673,3265.13085,4027.22963,1.23340528,Bare,0,0,0,0,0,0,0,0,2,9,0,0,0,0,3,0,0,0,0,0,0,2,14,6.46,10.23,5,1.308189068,0.673333333,3.06122449,0.418365523,11.41801037,NA,NA,B84,NA,2.466605149,1.766292066,542665.0622,6171535.611,89.76745153
58,Point (542622.08117526292335242 6171493.49749584868550301),0,,B88,NA,NA,"55.68736652, 9.67794198",Bare,88,55.68736652,9.67794198,201.4383213,348.894781,209.6607534,0,0,2,0.166259766,3.6784686,22.12482729,99.35302734,532.7538182,5.362230346,1862.595215,3272.865125,1.757153191,Bare,0,0,0,0,0,0,0,0,3,3,0,0,0,0,0,0,0,0,0,0,0,0,4,0,0.96,3,1.088899975,0.66,2.941176471,0.60075789,NA,NA,NA,B88,NA,3.137337268,-0.127137722,542622.0812,6171493.498,82.94575254
59,Point (542814.79998944979161024 6171343.11431161127984524),0,,N1,NA,90,"55.68599840, 9.68098362",NatSG,N1,55.6859984,9.68098362,121.2884837,455.4586677,240.92369,54.86865234,45.76192146,0.834026708,155.8312988,155.2260406,0.996115939,276.8979492,445.7540937,1.609813633,614.7724609,1095.004048,1.781153382,Natural,0,0,0,3,0,0,8,3,0,0,0,0,0,0,0,0,0,0,0,0,0,5,0,21.2,0,4,1.298418157,0.703601108,3.373831776,0.507540915,NA,382.8579758,NA,N1,1.02265617,-0.08248497,-3.228835189,542814.8,6171343.114,87.23454259
60,Point (542857.64958045294042677 6171418.78587101120501757),0,,N2,NA,76.25,"55.68667451, 9.68167693",NatSG,N2,55.68667451,9.68167693,38.99631422,454.2165731,216.2430681,41.72143555,94.09303933,2.255268499,149.1333008,420.245393,2.817917868,384.2180176,1209.937764,3.149091683,923.1708984,2655.26308,2.876242183,Natural,0,0,0,2,0,0,0,1,0,0,0,0,0,0,0,0,0,0,0,0,0,12,2,41.92,0.79,4,0.916068137,0.470588235,1.888888889,0.339457657,NA,437.64192,NA,N2,1.09102973,-0.18865935,-1.07544127,542857.6496,6171418.786,91.47287627
61,Point (542702.66078875900711864 6171412.40392790827900171),0,,N3,NA,100,"55.68663083, 9.67921094",NatSG,N3,55.68663083,9.67921094,168.9804474,429.4120424,226.9265145,55.18920898,58.06126075,1.052040097,144.8388672,131.03605,0.904702257,220.0539551,304.7078858,1.384696247,349.3444824,608.8529196,1.742843956,Natural,0,0,0,3,0,2,12,0,0,0,0,0,0,0,0,0,0,0,1,2,0,16,1,16.29,1,7,1.442033455,0.69393718,3.267303103,0.356613167,NA,203.3028136,NA,N3,0.88869434,-1.747154525,-2.437311848,542702.6608,6171412.404,78.29604266
62,Point (542814.79964879737235606 6171465.2821507416665554),0,,N4,NA,40.625,"55.68709605, 9.68100269",NatSG,N4,55.68709605,9.68100269,45.46457142,404.2344209,160.2895049,37.10546875,53.73169387,1.44808018,119.1606445,155.5769501,1.30560682,490.3317871,693.7948086,1.414949687,1642.359619,2375.972281,1.446682111,Natural,0,0,0,0,0,0,0,0,0,0,0,0,0,0,0,0,0,0,0,0,0,9,6,26.63,7.06,2,0.673011667,0.48,1.923076923,0.69249362,NA,NA,NA,N4,NA,0.312763078,0.132669899,542814.7996,6171465.282,48.83725763
63,Point (542770.12677596346475184 6171502.6611192412674427),0,,N5,NA,88.125,"55.68743583, 9.68029802",NatSG,N5,55.68743583,9.68029802,62.07210688,353.8653384,121.6208566,47.84472656,62.12576254,1.298487148,128.9057617,193.4058673,1.500366351,629.1062012,679.7710167,1.080534599,2337.51709,3370.533605,1.441928968,Natural,0,0,0,2,0,0,6,3,0,0,0,0,0,0,0,0,0,1,0,1,0,7,0,17.17,0,6,1.543029319,0.75,4,0.41858297,NA,203.957848,385.7723307,N5,0.864395755,-0.423946672,-2.990326512,542770.1268,6171502.661,77.15741899
64,Point (542674.39816693053580821 6171546.42337294016033411),0,,N6,NA,92.5,"55.68783745, 9.67878230",NatSG,N6,55.68783745,9.6787823,142.5117779,293.7352524,135.7267235,71.80786133,57.13382156,0.795648561,227.161377,186.4789449,0.820909555,976.3181152,815.9362721,0.835727884,3591.660645,3841.940215,1.069683524,Natural,0,0,0,2,0,1,2,1,0,1,0,0,0,0,0,0,0,0,0,0,0,2,0,3.33,0,6,1.735126457,0.814814815,5.4,0.454756807,NA,951.5595587,NA,N6,0.94517161,1.292083333,-2.096024609,542674.3982,6171546.423,74.44890263
65,Point (542593.25699772359803319 6171477.13422585371881723),0,,N7,NA,81.38888889,"55.68722203, 9.67748100",NatSG,N7,55.68722203,9.677481,233.6302569,369.5130983,242.3791588,74.28417969,46.98972447,0.632567051,232.5595703,157.8785968,0.678873789,933.282959,846.7906686,0.907324687,2199.55249,2674.378958,1.215874124,Natural,0,0,0,0,0,0,2,0,0,4,0,0,0,0,0,0,0,0,0,0,0,12,0,29.17,0,3,0.848685558,0.49382716,1.975609756,0.449500853,NA,NA,NA,N7,NA,-0.05198278,-1.709437968,542593.257,6171477.134,74.46908517
66,Point (542646.26397300721146166 6171641.76325452513992786),2019,SS2019,SS2019-01,5.08,NA,"55.68869653, 9.67834966",RestSG,14,55.68869653,9.67834966,182.9184595,198.8639622,97.9356976,68.70336914,54.70194816,0.79620474,233.2351074,116.5907057,0.499884889,1192.988525,892.5529609,0.748165587,4309.044434,3313.173816,0.768888292,4-years-old,0,0,0,0,0,2,4,0,0,2,0,0,2,0,0,0,0,1,0,0,0,22,1,65.45,1.45,7,1.240860686,0.555363322,2.249027237,0.28540029,NA,NA,196.4855475,SS2019-01,NA,-1.807811099,-1.210066412,542646.264,6171641.763,89.04376326
67,Point (542656.84794745675753802 6171630.8370014987885952),2019,SS2019,SS2019-02,5.08,NA,"55.68859743, 9.67851630",RestSG,25,55.68859743,9.6785163,169.506678,209.1699642,96.52980374,77.25439453,31.28689301,0.404985285,271.8344727,88.69805321,0.326294352,1264.939697,599.9663775,0.474304332,4599.620605,3318.42119,0.721455414,4-years-old,0,0,0,0,0,2,3,0,0,0,0,0,0,0,0,0,0,0,0,0,0,21,5,90.54,2.96,4,0.960945528,0.501560874,2.006263048,0.361799693,NA,NA,NA,SS2019-02,NA,-1.727763443,-0.402639519,542656.8479,6171630.837,82.94575254
68,Point (542667.09119237912818789 6171619.91189171466976404),2019,SS2019,SS2019-03,5.08,NA,"55.68849837, 9.67867752",RestSG,36,55.68849837,9.67867752,156.7557939,220.0389283,95.38879122,59.29418945,44.85135101,0.756420678,226.7314453,172.2330055,0.7596344,1234.437988,773.6924428,0.626756832,4716.864014,3405.162321,0.721912337,4-years-old,0,0,0,5,1,0,5,0,0,0,0,0,0,0,0,0,0,1,0,0,0,10,0,28.12,0,5,1.312850178,0.685950413,3.184210526,0.426204955,NA,NA,1055.590133,SS2019-03,NA,-0.628905814,-2.641049431,542667.0912,6171619.912,77.02217665
69,Point (542636.0211441048886627 6171631.17868917435407639),2019,SS2019,SS2019-04,5.08,NA,"55.68860233, 9.67818510",RestSG,15,55.68860233,9.6781851,189.6495382,210.4911837,112.5501883,61.49316406,62.99020703,1.024344868,285.7890625,128.0297002,0.447986704,1555.395264,763.0387568,0.490575466,4719.161865,3475.289688,0.736420955,4-years-old,0,0,1,1,0,0,7,0,0,5,0,0,0,0,0,0,0,0,0,0,0,17,2,66.63,0.41,6,1.338341446,0.661157025,2.951219512,0.368998761,NA,NA,NA,SS2019-04,NA,-1.056175536,-0.945190411,542636.0211,6171631.179,65.95205271
70,Point (542645.92230671795550734 6171620.25352479331195354),2019,SS2019,SS2019-05,5.08,96.25,"55.68850330, 9.67834088",RestSG,26,55.6885033,9.67834088,177.4575713,220.3380196,111.675862,72.86254883,48.41076461,0.664412176,303.3220215,86.65735981,0.285694258,1721.062012,532.3887431,0.309337339,5022.158447,3697.597843,0.736256708,4-years-old,0,0,0,1,0,0,4,0,0,5,0,0,1,0,0,0,0,0,0,0,0,12,6,49.59,0.62,6,1.499647429,0.734839477,3.771300448,0.410121721,NA,NA,NA,SS2019-05,NA,-0.359005522,0.396498708,542645.9223,6171620.254,81.27060161
71,Point (542656.16536032815929502 6171609.66896393708884716),2019,SS2019,SS2019-06,5.08,96.875,"55.68840730, 9.67850215",RestSG,37,55.6884073,9.67850215,165.3992799,230.3569665,110.3216765,77.25439453,31.28689301,0.404985285,297.6791992,96.71731406,0.324904509,1621.876465,698.2022011,0.430490371,5008.94165,3668.79755,0.732449648,4-years-old,1,0,0,1,0,0,2,1,0,5,0,0,0,0,0,0,0,0,0,0,0,21,10,91.11,6.54,7,1.362491431,0.659131469,2.933682373,0.33872657,NA,207.7240156,NA,SS2019-06,1.79858459,-1.131225332,0.819342906,542656.1654,6171609.669,84.18553723
72,Point (542624.4122730327071622 6171621.27753038518130779),2019,SS2019,SS2019-07,5.08,NA,"55.68851439, 9.67799892",RestSG,16,55.68851439,9.67799892,198.7254049,222.0474928,127.8014137,75.27905273,45.15437797,0.599826596,264.2966309,136.969977,0.518243371,1470.370605,974.2887559,0.662614413,5020.647217,3411.410075,0.679476157,4-years-old,0,0,0,1,0,1,0,0,1,1,0,0,0,0,0,0,0,0,0,0,0,21,3,80.67,1.01,6,0.931104222,0.420918367,1.726872247,0.234919014,NA,NA,NA,SS2019-07,NA,-0.884434056,-0.073076621,542624.4123,6171621.278,74.42872009
73,Point (542634.99662361014634371 6171609.66896297410130501),2019,SS2019,SS2019-08,5.08,96.875,"55.68840916, 9.67816546",RestSG,27,55.68840916,9.67816546,186.3131267,231.9681513,126.8226329,73.96826172,37.89981229,0.512379383,272.1289063,139.4235973,0.512343945,1573.882813,765.227018,0.486203301,5327.343262,3588.456931,0.673592212,4-years-old,0,0,0,2,0,0,1,1,0,3,0,0,0,0,0,0,0,0,0,0,0,20,1,69.38,1.03,6,1.025176771,0.469387755,1.884615385,0.261970294,NA,518.3212052,NA,SS2019-08,0.96541245,-0.930258151,-0.60657559,542634.9966,6171609.669,81.27060161
74,Point (542645.92228001123294234 6171599.42606334388256073),2019,SS2019,SS2019-09,5.08,NA,"55.68831617, 9.67833764",RestSG,38,55.68831617,9.67833764,174.220571,241.1149474,124.7223421,55.40283203,52.71342446,0.951457218,219.0161133,149.8607535,0.684245334,1558.757568,768.4330017,0.49297788,5234.991211,3664.696653,0.70003874,4-years-old,0,0,0,0,0,1,1,1,0,4,0,1,0,0,1,0,0,0,0,0,0,8,2,35.26,1.49,8,1.70407034,0.753462604,4.056179775,0.362338921,21.65393197,582.4938044,NA,SS2019-09,1.15682144,0.45615515,-0.315003164,542645.9223,6171599.426,86.30110005
75,Point (542874.2939983073156327 6171402.42261549551039934),2021,SS21,SS21-01,1.5,55,"55.68652602, 9.68193909",RestSG,256,55.68652602,9.68193909,37.34784429,431.2648422,204.5872518,36.74072266,102.4138845,2.78747605,92.33129883,205.5143545,2.225836278,455.0324707,1531.090507,3.364793955,1051.460205,2863.365493,2.72322764,2-years-old,0,0,0,2,1,0,0,2,0,0,0,1,0,0,0,0,0,0,0,0,0,13,14,52.15,10.15,6,1.282455047,0.655647383,2.904,0.365923772,NA,91.1495504,NA,SS21-01,1.05796372,-0.49917213,1.802821688,542874.294,6171402.423,88.07211805
76,Point (542894.5600237303879112 6171380.51782511919736862),2021,SS21,SS21-02,1.5,NA,"55.68632742, 9.68225798",RestSG,278,55.68632742,9.68225798,39.95574774,402.3084139,176.3626462,47.95996094,50.18579497,1.046410255,124.3776855,152.3499315,1.224897624,446.8129883,968.8011895,2.1682476,949.5102539,2501.966026,2.635006853,2-years-old,0,0,0,3,0,0,2,1,0,0,0,0,1,0,0,0,0,0,0,0,0,6,4,26,4.27,6,1.599221257,0.76816609,4.313432836,0.428721658,NA,229.2528414,NA,SS21-02,1.19589281,0.16547942,-1.070196632,542894.56,6171380.518,91.48296754
77,Point (542915.6499327365309 6171359.06086701154708862),2021,SS21,SS21-03,1.5,45,"55.68613277, 9.68259004",RestSG,300,55.68613277,9.68259004,35.94898842,373.0252165,148.1856415,13.75146484,35.299209,2.566941734,28.40795898,86.85259823,3.057333273,141.6330566,381.018268,2.690178953,650.8659668,1441.956368,2.215442875,2-years-old,0,0,0,0,0,1,3,1,0,0,0,0,0,0,0,0,0,1,0,0,0,7,6,22.62,6.43,6,1.488240836,0.731301939,3.721649485,0.408147383,NA,177.957,315.307944,SS21-03,1.04193503,-0.131625703,-0.916781439,542915.6499,6171359.061,87.07786233
78,Point (542936.81834570283535868 6171336.8679788950830698),2021,SS21,SS21-04,1.5,58.75,"55.68593150, 9.68292323",RestSG,322,55.6859315,9.68292323,37.44219199,343.4428439,120.6369978,0,0,2,16.74438477,32.30272434,1.929167586,141.9943848,249.5972919,1.757796918,381.1120605,782.3897461,2.052912587,2-years-old,0,0,0,2,0,0,5,0,0,0,0,0,0,0,0,0,0,0,0,0,0,4,0,13.75,0,4,1.319729922,0.719723183,3.567901235,0.519170534,NA,NA,NA,SS21-04,NA,0.590550672,-1.528583494,542936.8183,6171336.868,74.46908517
79,Point (542956.96247833012603223 6171315.01680841390043497),2021,SS21,SS21-05,1.5,NA,"55.68573339, 9.68324018",RestSG,344,55.68573339,9.68324018,34.27866133,315.1341849,96.08296702,4.863769531,20.12433878,4.137601228,47.95483398,66.87731084,1.39458956,105.3735352,159.722662,1.515775871,234.3708496,481.3908736,2.053970767,2-years-old,0,0,0,0,0,0,2,0,0,2,0,0,0,0,0,0,0,0,0,0,0,3,7,10.07,4.97,4,1.232643284,0.663265306,2.96969697,0.478444784,NA,NA,NA,SS21-05,NA,1.083753988,0.075829486,542956.9625,6171315.017,78.70741886
80,Point (542977.78985648939851671 6171293.8480497170239687),2021,SS21,SS21-06,1.5,NA,"55.68554135, 9.68356810",RestSG,366,55.68554135,9.6835681,36.50158257,286.812884,74.59767454,0,0,2,11.45556641,26.55840664,2.318384416,30.9609375,82.2146116,2.655430302,264.7070313,509.08844,1.923214648,Bare,0,0,0,1,0,0,0,0,0,4,0,1,0,0,0,0,0,0,0,0,0,1,15,1.15,14.47,5,0.992591069,0.495867769,1.983606557,0.308099968,NA,NA,NA,SS21-06,NA,2.415866574,1.313916308,542977.7899,6171293.848,87.22445131
81,Point (542998.61661706806626171 6171271.99711622949689627),2021,SS21,SS21-07,1.5,NA,"55.68534318, 9.68389590",RestSG,388,55.68534318,9.6838959,32.0868024,258.5162897,60.83419827,7.230957031,31.35045888,4.335589154,54.7265625,64.62734989,1.180913745,67.11914063,93.17989779,1.388276085,150.9838867,326.4288336,2.162011064,2-years-old,0,0,0,1,0,0,2,3,0,0,0,0,1,0,0,0,0,1,0,0,0,24,9,97.74,2.93,7,1.256731961,0.59964307,2.497771174,0.308155579,NA,324.4851456,384.8860488,SS21-07,0.811984233,-2.471043855,0.442211808,542998.6166,6171271.997,89.55894918
82,Point (542852.14429094735532999 6171381.59559253789484501),2021,SS21,SS21-08,1.5,NA,"55.68634085, 9.68158356",RestSG,258,55.68634085,9.68158356,67.74633246,439.1712104,215.4852846,1.195556641,12.58674248,10.5279349,9.958251953,48.2123095,4.841443029,83.03149414,376.5804017,4.53539233,1259.013184,3021.075954,2.399558633,2-years-old,0,0,0,1,0,1,0,1,0,1,0,0,1,0,0,0,0,0,0,0,0,23,2,104.44,8.87,7,0.951108671,0.402222222,1.672862454,0.206701333,NA,251.9074263,NA,SS21-08,0.90970656,-1.443459466,-0.231250032,542852.1443,6171381.596,89.04376326
83,Point (542872.97169304429553449 6171359.06069890968501568),2021,SS21,SS21-09,1.5,NA,"55.68613654, 9.68191128",RestSG,280,55.68613654,9.68191128,68.79244266,409.99603,188.2062982,10.55004883,24.43748393,2.316338468,22.59814453,63.78892519,2.822750563,302.4165039,586.45193,1.93921933,1083.750977,2461.476553,2.271256595,2-years-old,0,0,0,0,0,0,0,1,0,4,0,0,0,0,0,0,0,0,0,0,0,0,0,0,0,4,0.766269423,0.388888889,1.636363636,0.280524036,NA,362.673936,NA,SS21-09,1.43310315,-0.985624557,0.039728952,542872.9717,6171359.061,100
84,Point (542894.48128652491141111 6171337.89269161503762007),2021,SS21,SS21-10,1.5,NA,"55.68594445, 9.68225006",RestSG,302,55.68594445,9.68225006,65.85137058,381.0757415,161.789318,0.180664063,3.013202389,16.67848241,7.64453125,27.788739,3.635113533,85.27490234,286.4354817,3.358965814,764.1352539,1537.094563,2.011547766,2-years-old,0,0,0,0,0,0,4,3,0,1,0,1,0,1,0,0,0,0,0,0,0,13,1,53.57,1.2,7,1.420330665,0.65625,2.909090909,0.337245787,NA,207.0820057,NA,SS21-10,1.135803097,-0.765313508,-1.226713118,542894.4813,6171337.893,86.60744219
85,Point (542914.62560997635591775 6171316.38301995676010847),2021,SS21,SS21-11,1.5,NA,"55.68574941, 9.68256707",Bare,324,55.68574941,9.68256707,66.20387704,353.4510957,138.2542203,0,0,2,7.723388672,30.45924453,3.943766891,77.96313477,181.8139178,2.332049863,336.4284668,769.6366537,2.287668047,Bare,0,0,0,2,0,0,1,0,0,2,0,0,0,0,2,0,0,0,0,0,0,5,9,17.91,6.86,6,1.521613207,0.73015873,3.705882353,0.407509346,1208.52255,NA,NA,SS21-11,NA,0.934214846,0.71440805,542914.6256,6171316.383,81.27060161
86,Point (542935.45299337338656187 6171294.87237277161329985),2021,SS21,SS21-12,1.5,NA,"55.68555430, 9.68289494",Bare,346,55.6855543,9.68289494,63.73789519,325.5258271,116.7470671,0,0,2,0,0,0,72.73950195,155.4643783,2.137275815,305.7514648,721.0273818,2.35821399,Bare,0,0,2,1,0,0,0,0,0,2,0,0,0,0,0,0,0,0,0,0,0,13,1,42.86,0.24,5,1.043547907,0.504155125,2.016759777,0.313249191,NA,NA,NA,SS21-12,NA,0.114934623,-0.637607209,542935.453,6171294.872,71.90590242
87,Point (542955.59667916037142277 6171273.0211902754381299),2021,SS21,SS21-13,1.5,15,"55.68535619, 9.68321188",RestSG,368,55.68535619,9.68321188,65.06266762,298.5054774,100.4435885,13.38085938,31.3717693,2.344525745,20.57324219,60.1838996,2.925348326,115.265625,335.2870861,2.908821134,300.8986816,632.8603119,2.103233914,2-years-old,0,0,0,0,0,0,1,2,0,0,0,1,0,0,1,0,0,0,0,0,0,26,1,74.85,1.38,6,0.775210767,0.33203125,1.497076023,0.185310169,23.8830132,334.8638988,NA,SS21-13,1.088337695,-2.155942651,-1.388896783,542955.5967,6171273.021,86.35660204
88,Point (542976.42382955295033753 6171251.51184493862092495),2021,SS21,SS21-14,1.5,NA,"55.68516109, 9.68353974",RestSG,390,55.68516109,9.68353974,62.2888248,271.5144126,90.42450544,0,0,2,5.649658203,16.42269159,2.906846928,93.18676758,175.2427698,1.880554228,186.5595703,440.2840395,2.360018512,2-years-old,0,0,0,4,0,0,1,1,0,0,0,0,1,0,0,0,0,0,0,0,0,20,0,56.83,0,6,0.994353692,0.464285714,1.866666667,0.259122791,NA,470.3249367,NA,SS21-14,NA,-1.531468883,-1.285027416,542976.4238,6171251.512,92.34072555
89,Point (542841.21851365431211889 6171350.52585400640964508),2021,SS21,SS21-15,1.5,NA,"55.68606266, 9.68140494",RestSG,271,55.68606266,9.68140494,96.97813476,434.4359411,216.5295419,29.00341797,46.95334587,1.618890088,95.24707031,184.4466146,1.93650696,386.536377,756.2092056,1.956372675,800.8132324,1632.955787,2.039121884,2-years-old,0,0,0,1,0,0,1,2,1,2,0,0,0,0,0,0,0,0,0,0,0,11,5,46.34,2.42,7,1.518249595,0.703213611,3.369426752,0.361380309,NA,181.3812346,NA,SS21-15,0.95443685,-0.138044841,-0.001774154,542841.2185,6171350.526,79.3128951
90,Point (542861.7043656368041411 6171328.33257947210222483),2021,SS21,SS21-16,1.5,NA,"55.68586145, 9.68172728",RestSG,293,55.68586145,9.68172728,96.42819011,406.5368957,192.2662789,22.73022461,73.97827892,3.254621553,55.66772461,131.0731937,2.354563522,300.1362305,513.4238545,1.710636046,543.2868652,1189.503193,2.189456931,2-years-old,0,0,0,0,0,0,4,2,0,2,0,0,0,0,0,0,0,1,0,0,0,1,1,5.38,1.4,6,1.641734712,0.776859504,4.481481481,0.433573545,NA,297.2837629,108.2227178,SS21-16,0.93791209,1.594084864,-1.900913769,542861.7044,6171328.333,85.38252886
91,Point (542882.53163370757829398 6171306.48110630176961422),2021,SS21,SS21-17,1.5,NA,"55.68566328, 9.68205510",Bare,315,55.68566328,9.6820551,95.98883833,378.8054632,169.5869187,0,0,2,0,0,0,29.02978516,84.40488444,2.90752701,322.078125,618.5799082,1.920589634,Bare,0,0,0,1,0,0,0,0,0,3,0,0,0,0,0,0,0,0,0,0,0,0,0,0,0,4,1.242453325,0.666666667,3,0.480898347,NA,NA,NA,SS21-17,NA,2.212284546,-0.762620693,542882.5316,6171306.481,23.40725551
92,Point (542903.35867433238308877 6171285.31310676690191031),2021,SS21,SS21-18,1.5,NA,"55.68547125, 9.68238302",Bare,337,55.68547125,9.68238302,93.8056789,351.7171794,149.5113963,0,0,2,0,0,0,18.05908203,62.17074546,3.442630437,81.44311523,291.3840384,3.577761454,Bare,0,0,0,0,0,0,0,0,0,1,0,0,0,0,1,0,0,0,0,0,0,2,6,6.39,5.53,4,1.088899975,0.58,2.380952381,0.418381562,NA,NA,NA,SS21-18,NA,1.864481393,0.253307408,542903.3587,6171285.313,91.47287627
93,Point (542923.50267814251128584 6171262.77840244956314564),2021,SS21,SS21-19,1.5,NA,"55.68526700, 9.68269986",RestSG,359,55.685267,9.68269986,94.31624215,325.3170877,134.1242354,0,0,2,9.935546875,29.3409028,2.953124088,44.30810547,158.8158672,3.584352467,123.4211426,378.9044431,3.07001244,2-years-old,0,0,0,0,0,0,0,0,0,3,0,0,0,0,0,0,0,0,0,0,0,1,7,1.75,6.76,3,0.859967281,0.512396694,2.050847458,0.466403571,NA,NA,NA,SS21-19,NA,2.180665072,0.310409227,542923.5027,6171262.779,82.94575254
94,Point (542944.67155386286322027 6171241.61062105372548103),2021,SS21,SS21-20,1.5,3.75,"55.68507494, 9.68303321",RestSG,381,55.68507494,9.68303321,92.34304373,299.0060236,122.7457171,0,0,2,0,0,0,44.69018555,145.1752145,3.248480908,117.2927246,353.4447521,3.013356142,2-years-old,0,0,0,2,0,0,1,2,0,1,0,0,0,0,0,0,0,0,0,0,0,2,6,4.4,3.22,6,1.574097337,0.744897959,3.92,0.415735467,NA,299.7023378,NA,SS21-20,0.916265405,1.303018877,-0.25617586,542944.6716,6171241.611,81.27060161
95,Point (542965.15717974829021841 6171219.41781888250261545),2021,SS21,SS21-21,1.5,NA,"55.68487373, 9.68335553",Bare,403,55.68487373,9.68335553,92.35371465,273.9020063,119.2508756,0,0,2,0,0,0,0,0,2,72.47631836,217.6735941,3.003375434,Bare,0,0,0,1,0,0,0,0,0,3,0,0,0,0,0,0,0,0,0,0,0,0,2,0,0.27,4,1.320888343,0.71875,3.555555556,0.51846853,NA,NA,NA,SS21-21,NA,1.810948038,-0.45813457,542965.1572,6171219.418,74.46908517
96,Point (542819.02625760377850384 6171329.69858892820775509),2021,SS21,SS21-22,1.5,88.125,"55.68587749, 9.68104874",RestSG,273,55.68587749,9.68104874,127.3901037,446.4094964,234.754668,0,0,2,6.368652344,30.40504112,4.77417191,226.6396484,325.7955359,1.437504594,608.7902832,1025.347648,1.684237868,2-years-old,0,0,0,0,0,0,1,3,0,0,0,0,0,0,0,0,0,0,0,0,0,4,1,8.97,1.17,4,1.214889654,0.666666667,3,0.480898347,NA,241.0395771,NA,SS21-22,1.165931327,0.702277809,-1.87046398,542819.0263,6171329.699,91.47287627
97,Point (542840.19472725223749876 6171307.84692773688584566),2021,SS21,SS21-23,1.5,NA,"55.68567929, 9.68138199",RestSG,295,55.68567929,9.68138199,126.1260791,418.8023137,211.9458454,0,0,2,0,0,0,0,0,2,556.1914063,893.1813294,1.605888403,2-years-old,0,0,0,1,0,0,0,2,0,2,0,0,0,0,1,0,0,0,0,0,0,1,8,2.99,6.42,6,1.414175464,0.666666667,3,0.372073751,15.46938842,193.1967496,NA,SS21-23,1.091703955,2.199920377,0.675614297,542840.1947,6171307.847,88.07211805
98,Point (542632.26559836568776518 6171525.33629717398434877),2022,SS22_1,SS22_1-01,2.78,NA,"55.68765169, 9.67810891",RestSG,75,55.68765169,9.67810891,185.6481864,316.1296999,181.7779961,1.312255859,9.648921313,7.352926828,56.84838867,148.4247746,2.610887979,560.5073242,1180.056771,2.105336934,2291.822754,3546.452837,1.547437659,1-year-old,0,0,0,0,0,0,0,0,0,9,0,0,0,0,0,0,0,0,0,0,0,2,2,6.31,1.54,3,0.830517825,0.473372781,1.898876404,0.430882474,NA,NA,NA,SS22_1-01,NA,2.201992199,-0.307841152,542632.2656,6171525.336,82.94575254
99,Point (542643.19122099655214697 6171514.41001038905233145),2022,SS22_1,SS22_1-02,2.78,NA,"55.68755256, 9.67828098",RestSG,86,55.68755256,9.67828098,176.3319947,326.1579938,180.1058098,6.205078125,35.31861325,5.69188857,26.14697266,162.0550982,6.197853201,461.8955078,1157.171209,2.505266211,1875.029053,3206.29248,1.70999616,1-year-old,0,0,0,0,0,0,0,1,1,18,0,0,0,0,0,0,0,0,0,0,0,6,1,22.23,1.02,5,0.97075359,0.502057613,2.008264463,0.311945934,NA,186.5171467,NA,SS22_1-02,0.88144037,2.200272895,-1.330719425,542643.1912,6171514.41,89.76745153
100,Point (542622.70507628167979419 6171515.09345085173845291),2022,SS22_1,SS22_1-03,2.78,5,"55.68756050, 9.67795526",RestSG,76,55.6875605,9.67795526,196.440661,327.3732039,195.646576,15.90673828,97.41745931,6.124288813,42.99438477,244.2212887,5.680306628,308.7290039,994.2564422,3.220482784,1848.265137,3400.543408,1.839856923,1-year-old,0,0,0,0,0,0,0,1,0,14,0,0,0,0,0,0,0,0,0,0,0,3,0,7.15,0,4,0.826405322,0.426592798,1.743961353,0.307721657,NA,272.2385359,NA,SS22_1-03,0.97392389,2.358898942,-0.897176661,542622.7051,6171515.094,100
101,Point (542633.28990840050391853 6171504.16826057061553001),2022,SS22_1,SS22_1-04,2.78,12.5,"55.68746141, 9.67812191",RestSG,87,55.68746141,9.67812191,188.033294,337.1182604,194.2393479,15.59790039,106.5042374,6.828113703,50.07080078,291.6995068,5.825740795,169.3730469,836.8477316,4.94085539,1652.146729,3186.735723,1.928845464,1-year-old,0,0,0,0,0,0,0,0,0,9,0,0,0,0,0,0,0,0,0,0,0,6,4,20.58,3.32,3,1.045978166,0.631578947,2.714285714,0.574887933,NA,NA,NA,SS22_1-04,NA,1.29220702,0.349547691,542633.2899,6171504.168,82.94575254
102,Point (542611.09668379346840084 6171504.85064961574971676),2022,SS22_1,SS22_1-05,2.78,NA,"55.68746949, 9.67776904",Bare,77,55.68746949,9.67776904,209.6281824,339.1320649,211.1114354,0,0,2,2.530029297,16.74061575,6.616767548,164.8452148,629.1021238,3.816320203,2085.072021,3595.342613,1.724325384,Bare,0,0,0,0,0,0,0,0,0,5,0,0,0,0,1,0,0,0,0,0,0,3,9,8.15,5.81,4,1.161591334,0.641975309,2.793103448,0.463087297,2.682131375,NA,NA,SS22_1-05,NA,1.72664074,0.839995376,542611.0967,6171504.851,91.47287627
103,Point (542686.55216813029255718 6171533.53031069319695234),2022,SS22_2,SS22_2-01,2.78,11.25,"55.68772054, 9.67897360",RestSG,94,55.68772054,9.6789736,130.8264308,307.310154,134.5106637,6.183837891,37.48560017,6.061866569,26.48657227,139.780661,5.277416027,588.9567871,794.4816686,1.34896428,2880.102051,3759.504725,1.305337331,1-year-old,0,0,0,1,0,0,0,0,0,10,0,0,0,0,0,0,0,0,0,0,0,1,8,3.57,4.26,4,1.01266311,0.585,2.409638554,0.421988299,NA,NA,NA,SS22_2-01,NA,2.612668349,0.719118415,542686.5522,6171533.53,78.70741886
104,Point (542697.13669180893339217 6171522.26358114648610353),2022,SS22_2,SS22_2-02,2.78,12.5,"55.68761838, 9.67914019",RestSG,105,55.68761838,9.67914019,121.8491,319.5019159,135.007319,11.15234375,69.59974392,6.240817669,41.05541992,227.2583094,5.535403361,357.1289063,1015.362823,2.843126963,2313.04248,3681.15415,1.591477105,1-year-old,0,0,0,0,0,0,0,0,0,14,0,0,0,0,0,0,0,0,0,0,0,1,2,3.57,1.04,3,0.578325287,0.30449827,1.437810945,0.27716627,NA,NA,NA,SS22_2-02,NA,2.992816192,-0.183259218,542697.1367,6171522.264,82.94575254
105,Point (542707.72067312675062567 6171512.02082613669335842),2022,SS22_2,SS22_2-03,2.78,NA,"55.68752542, 9.67930693",RestSG,116,55.68752542,9.67930693,113.968898,330.9513176,136.4195151,14.95532227,81.86985669,5.474295721,49.73535156,259.6118105,5.219864792,402.732666,1036.940168,2.574760518,1730.82959,3605.750243,2.083249711,1-year-old,0,0,0,0,0,0,0,1,1,4,0,0,0,0,1,0,0,0,0,0,0,0,17,0,14.05,5,0.940145318,0.465277778,1.87012987,0.289093338,4.502822625,208.8775706,NA,SS22_2-03,0.83728996,3.417092573,1.605446677,542707.7207,6171512.021,89.76745153
106,Point (542780.78594278322998434 6171479.58533624280244112),2022,SS22_3,SS22_3-01,2.78,2.5,"55.68722756, 9.68046395",RestSG,169,55.68722756,9.68046395,66.0348183,379.106929,143.6661771,9.737304688,25.8257687,2.652250241,22.78613281,57.53662634,2.525072017,422.2255859,592.0095243,1.40211665,1938.547363,3237.986672,1.670315997,1-year-old,0,0,0,0,0,0,0,0,0,8,0,0,0,0,0,0,0,0,0,0,0,0,4,0,3.23,2,0.636514168,0.444444444,1.8,0.641197796,NA,NA,NA,SS22_3-01,NA,3.332213434,0.082695551,542780.7859,6171479.585,100
107,Point (542748.69202555937226862 6171490.16905450727790594),2022,SS22_3,SS22_3-02,2.78,NA,"55.68732548, 9.67995516",RestSG,148,55.68732548,9.67995516,86.85196364,360.1082445,138.3297161,9.805419922,37.07009746,3.780572148,19.42358398,89.61589386,4.613767157,226.9936523,868.0642443,3.824178497,1789.894287,3555.316601,1.986327699,1-year-old,0,0,0,1,0,0,0,2,0,8,0,0,0,0,3,0,0,0,0,0,0,5,7,14.56,8.02,6,1.604780224,0.775147929,4.447368421,0.432618296,NA,155.2402095,NA,SS22_3-02,1.124168095,1.48227612,1.231503354,542748.692,6171490.169,88.07211805
108,Point (542759.2759901286335662 6171479.2430435037240386),2022,SS22_3,SS22_3-03,2.78,NA,"55.68722638, 9.68012179",RestSG,159,55.68722638,9.68012179,83.83154654,373.3202579,146.5037844,0.350341797,3.48219202,9.939413598,5.937988281,40.99291577,6.903502301,234.1096191,826.4648084,3.530247119,1659.725098,3227.489188,1.944592627,1-year-old,0,0,0,1,0,0,0,1,0,5,0,0,0,0,2,0,0,0,0,0,0,6,7,14.7,7.58,6,1.554432827,0.760330579,4.172413793,0.424348576,20.54196545,479.1296406,NA,SS22_3-03,0.82696677,1.111806052,0.778511381,542759.276,6171479.243,88.07211805
109,Point (542769.86022147163748741 6171469.00043881684541702),2022,SS22_3,SS22_3-04,2.78,6.25,"55.68713342, 9.68028853",RestSG,170,55.68713342,9.68028853,81.21141381,386.0227663,155.0589305,3.140625,11.44215877,3.643274435,27.69506836,60.86129214,2.197549807,233.5605469,701.9008525,3.005220111,1375.479736,2895.314227,2.10494866,1-year-old,1,0,1,0,0,0,0,0,1,1,0,0,0,0,0,0,0,0,0,0,0,2,10,5.77,11.55,6,1.246829642,0.578125,2.37037037,0.322657706,NA,NA,NA,SS22_3-04,NA,1.827921807,0.718697823,542769.8602,6171469.001,84.66126856
110,Point (542738.79070683708414435 6171480.2676390279084444),2022,SS22_3,SS22_3-05,2.78,NA,"55.68723739, 9.67979614",RestSG,149,55.68723739,9.67979614,100.5336669,367.5713925,150.7326384,17.30493164,93.31753078,5.392539694,47.36425781,249.1810625,5.260951486,234.1308594,1007.488369,4.303099438,1237.313965,3331.827345,2.692790544,1-year-old,0,0,0,0,0,0,0,1,1,6,0,0,0,0,0,0,0,0,0,0,0,2,3,3.74,1.72,5,1.377819508,0.698224852,3.31372549,0.433831493,NA,408.3784284,NA,SS22_3-05,1.03638038,1.86413652,-0.157383212,542738.7907,6171480.268,89.76745153
111,Point (542748.00942232913803309 6171468.65931156370788813),2022,SS22_4,SS22_4-01,2.78,17.5,"55.68713228, 9.67994095",RestSG,160,55.68713228,9.67994095,99.02194638,380.8914441,159.2794847,10.40332031,60.87472183,5.851470492,41.84423828,250.2701638,5.980994615,235.0947266,1148.841046,4.886715509,1125.138672,2959.01988,2.62991572,1-year-old,0,0,0,0,0,0,0,2,0,10,0,0,0,0,2,0,0,0,0,0,0,0,5,0,3.04,5,1.366811791,0.689342404,3.218978102,0.428312517,17.39010413,133.0379274,NA,SS22_4-01,1.188560825,2.334660122,0.806817873,542748.0094,6171468.659,91.47287627
112,Point (542758.59363155893515795 6171457.39272465091198683),2022,SS22_4,SS22_4-02,2.78,NA,"55.68703012, 9.68010753",RestSG,171,55.68703012,9.68010753,97.33014845,394.3157525,168.1265649,6.752685547,32.34379788,4.789768109,43.39404297,174.7289616,4.026565622,278.3449707,1045.490719,3.756097035,871.9660645,2527.548072,2.898677111,1-year-old,0,0,0,0,0,0,0,0,1,18,0,0,0,0,1,0,0,0,0,0,0,7,8,22.61,8.64,5,1.204388204,0.641632653,2.790432802,0.398668783,5.6363586,NA,NA,SS22_4-02,NA,1.63903277,1.915892099,542758.5936,6171457.393,89.76745153
113,Point (542726.84084433084353805 6171469.34225468151271343),2022,SS22_4,SS22_4-03,2.78,NA,"55.68714028, 9.67960438",RestSG,150,55.68714028,9.67960438,116.4835639,376.0650531,165.0859843,10.88745117,59.28359884,5.445131088,23.5168457,120.0042629,5.102906421,349.8269043,1108.86195,3.169744625,981.029541,3007.752581,3.065914384,1-year-old,0,0,2,0,0,0,0,2,0,10,0,0,0,0,1,0,0,0,0,0,0,4,4,11.72,4.33,6,1.531633584,0.733459357,3.75177305,0.409351461,30.82465432,175.9579152,NA,SS22_4-03,1.0737009,1.668688141,0.630688077,542726.8408,6171469.342,88.07211805
114,Point (542737.76663933612871915 6171458.7578912740573287),2022,SS22_4,SS22_4-04,2.78,9.375,"55.68704422, 9.67977650",RestSG,161,55.68704422,9.6797765,113.0147383,388.4556283,171.5461216,12.27490234,78.58605741,6.402173737,44.69287109,255.0312246,5.706306585,256.9182129,1082.564126,4.213652717,841.904541,2666.032802,3.166668752,1-year-old,0,0,0,0,0,0,0,0,0,4,0,0,0,0,0,0,0,0,0,0,0,1,3,2.23,2.39,3,0.974314753,0.59375,2.461538462,0.540454541,NA,NA,NA,SS22_4-04,NA,2.192964973,-0.199981932,542737.7666,6171458.758,82.94575254
115,Point (542747.66782326740212739 6171447.83183867484331131),2022,SS22_4,SS22_4-05,2.78,NA,"55.68694518, 9.67993227",RestSG,172,55.68694518,9.67993227,111.8484267,401.1575708,179.6233566,16.87963867,82.35921235,4.879204701,49.6496582,250.0044354,5.035370724,181.1633301,807.7498719,4.458683066,679.706543,2203.066769,3.241202828,1-year-old,0,0,0,0,0,0,0,1,0,3,0,0,0,0,0,0,0,0,0,0,0,4,0,9.49,0,4,1.294545166,0.710743802,3.457142857,0.512693279,NA,254.640375,NA,SS22_4-05,0.81457913,1.203188542,-0.208231028,542747.6678,6171447.832,100
116,Point (542706.355288359336555 6171491.19334868155419827),2020,Zm9x4,Zm9x4-01,2.42,NA,"55.68733841, 9.67928197",RestSG,128,55.68733841,9.67928197,122.8191271,351.4374553,154.5639825,18.46386719,58.31995125,3.158598936,75.96728516,173.2852568,2.281051066,382.7810059,1025.148244,2.678158604,1249.71167,3481.177781,2.785584759,3-years-old,2,0,0,2,0,0,13,5,0,7,0,0,1,0,0,0,0,0,0,0,0,34,11,95.77,12.03,8,1.596706823,0.728177778,3.678875082,0.35017949,NA,327.1256393,NA,Zm9x4-01,1.277676914,-3.896638213,1.664608757,542706.3553,6171491.193,88.13915292
117,Point (542716.59772105293814093 6171480.26834304630756378),2020,Zm9x4,Zm9x4-02,2.42,NA,"55.68723935, 9.67944317",RestSG,139,55.68723935,9.67944317,119.2214042,363.6505556,159.2084019,24.83032227,46.22745408,1.861733955,76.16845703,137.0540216,1.79935405,341.2175293,986.7530187,2.891859105,1121.457275,3381.935061,3.015661082,3-years-old,0,0,0,2,0,0,2,1,0,3,0,0,0,0,0,0,0,0,0,0,0,55,1,144.96,2.07,6,0.620261977,0.256835938,1.345597898,0.143342866,NA,372.4943401,NA,Zm9x4-02,1.19710717,-4.172152593,-0.771270841,542716.5977,6171480.268,81.27060161
118,Point (542675.28528318414464593 6171502.80156843829900026),2020,Zm9x4,Zm9x4-03,2.42,NA,"55.68744544, 9.67878962",RestSG,107,55.68744544,9.67878962,147.686502,337.3764431,164.1074337,25.9309082,73.07038599,2.817887651,105.1159668,205.2297673,1.952412878,462.3813477,1009.873627,2.184070859,1513.545166,3323.238838,2.195665456,3-years-old,0,0,0,0,0,0,0,0,0,4,0,1,0,0,0,0,0,0,0,0,0,6,0,32.8,0,4,1.126928795,0.625,2.666666667,0.4508422,NA,NA,NA,Zm9x4-03,NA,1.113248982,-0.597313093,542675.2853,6171502.802,100
119,Point (542685.186628328403458 6171492.21818073559552431),2020,Zm9x4,Zm9x4-04,2.42,56.875,"55.68734948, 9.67894545",RestSG,118,55.68734948,9.67894545,141.7891206,348.4430766,165.7653154,22.71850586,43.51675005,1.915475882,66.96240234,182.5491705,2.726144286,424.4077148,1023.568163,2.411756732,1206.400391,3051.651309,2.529550995,3-years-old,0,0,1,0,0,0,3,0,1,6,0,0,0,0,0,0,0,0,0,0,0,10,0,28.49,0,5,1.279177456,0.666666667,3,0.41422329,NA,NA,NA,Zm9x4-04,NA,0.225686401,-1.871279731,542685.1866,6171492.218,61.67335394
120,Point (542695.42921735486015677 6171480.95032548159360886),2020,Zm9x4,Zm9x4-05,2.42,7.5,"55.68724734, 9.67910660",RestSG,129,55.68724734,9.6791066,137.1892761,360.4660994,169.046566,13.24462891,51.95444655,3.922680426,54.59155273,173.8869239,3.18523499,369.9599609,932.4032335,2.520281468,1161.863281,3081.692037,2.652370624,3-years-old,0,0,0,0,0,0,0,2,4,13,0,0,0,0,0,0,0,1,0,0,0,8,8,17.26,4.31,6,1.540550102,0.75462963,4.075471698,0.421166815,NA,339.2333276,566.931456,Zm9x4-05,0.83464625,0.913620813,1.61559838,542695.4292,6171480.95,87.07786233
121,Point (542706.35509806731715798 6171470.02530931867659092),2020,Zm9x4,Zm9x4-06,2.42,76.875,"55.68714822, 9.67927867",RestSG,140,55.68714822,9.67927867,133.3698375,372.4619002,172.9840595,15.72631836,40.49238707,2.574816696,60.13842773,146.2715038,2.432246889,340.3239746,817.3118249,2.401569933,1101.908691,3184.897123,2.890345768,3-years-old,0,0,1,1,0,0,0,4,1,12,0,0,1,0,1,0,0,0,0,0,0,20,13,50.01,10.2,9,1.607075818,0.748285322,3.972752044,0.340559327,37.0001399,426.2294914,NA,Zm9x4-06,1.13448588,-0.61572731,2.790411609,542706.3551,6171470.025,86.51133485
122,Point (542664.3597987606190145 6171492.55862925760447979),2020,Zm9x4,Zm9x4-07,2.42,NA,"55.68735437, 9.67861426",RestSG,108,55.68735437,9.67861426,161.2098455,347.4072601,179.0501063,17.35473633,51.5532736,2.970559312,73.37670898,201.4259634,2.745093998,359.973877,891.9483131,2.477814003,1162.456543,2937.597072,2.527059691,3-years-old,0,0,0,0,0,0,0,0,1,11,0,0,0,0,0,0,0,0,0,0,0,9,0,20.8,0,3,0.846814381,0.53968254,2.172413793,0.491240218,NA,NA,NA,Zm9x4-07,NA,1.46182305,-1.835234893,542664.3598,6171492.559,82.94575254
123,Point (542674.26071085908915848 6171481.63352352753281593),2020,Zm9x4,Zm9x4-08,2.42,NA,"55.68725534, 9.67877003",RestSG,119,55.68725534,9.67877003,155.9648693,358.5063998,180.8396131,6.111083984,31.31065719,5.123584829,40.57617188,97.81392318,2.410624725,282.6008301,774.4756382,2.740528533,1058.59668,2692.676028,2.54362788,3-years-old,1,0,0,0,0,0,1,6,0,6,0,0,0,0,0,0,0,1,0,0,0,67,3,182.3,1.59,7,0.836635304,0.367058824,1.579925651,0.188630921,NA,414.8588148,236.650816,Zm9x4-08,1.055546008,-5.454297117,0.09778672,542674.2607,6171481.634,84.68630705
124,Point (542653.43406460713595152 6171482.65740506537258625),2020,Zm9x4,Zm9x4-09,2.42,NA,"55.68726637, 9.67843895",RestSG,109,55.68726637,9.67843895,174.8486408,357.4426539,193.7502296,1.979248047,15.71581135,7.94029398,30.13671875,84.43836595,2.801843381,210.8088379,603.1595332,2.861168152,1175.751221,2784.952826,2.368658248,Bare,0,0,0,1,1,0,0,0,0,8,0,1,0,0,0,0,0,0,0,0,0,1,2,4.37,1.03,6,1.351783994,0.632653061,2.722222222,0.353090396,NA,NA,NA,Zm9x4-09,NA,2.476406853,-0.322814505,542653.4341,6171482.658,81.27060161
125,Point (542590.95251883822493255 6171547.18803900200873613),2020,ZmMe,ZmMe-01,2.64,NA,"55.68785165, 9.67745523",RestSG,43,55.68785165,9.67745523,225.9607186,301.5355736,200.293321,34.85742188,75.41464137,2.163517475,105.7021484,278.3422268,2.633269341,632.1879883,1287.361164,2.036358152,2740.534668,3815.551924,1.39226552,3-years-old,0,0,0,1,0,0,3,1,0,1,0,0,0,0,0,0,0,1,0,0,0,43,4,118.15,1.33,7,0.830231838,0.355967078,1.552715655,0.182930891,NA,382.7733874,59.130584,ZmMe-01,1.40860593,-3.332009048,-0.230400312,542590.9525,6171547.188,82.26440209
126,Point (542601.19517005735542625 6171536.26165659446269274),2020,ZmMe,ZmMe-02,2.64,NA,"55.68775258, 9.67761644",RestSG,54,55.68775258,9.67761644,215.8700668,309.9479766,199.1535685,20.9621582,68.696768,3.277180113,66.6315918,224.8902103,3.375128888,557.6601563,1307.626644,2.344845027,2550.425537,3705.975982,1.453081428,3-years-old,0,0,0,1,0,0,2,0,3,1,0,0,0,0,0,0,0,0,0,0,0,47,4,144.01,2.81,6,0.764162908,0.33412604,1.501785714,0.186479294,NA,NA,NA,ZmMe-02,NA,-3.538449365,-0.237574329,542601.1952,6171536.262,71.03805314
127,Point (542580.70958421344403177 6171537.28587435558438301),2020,ZmMe,ZmMe-03,2.64,39.375,"55.68776358, 9.67729078",RestSG,44,55.68776358,9.67729078,236.3068911,313.6992595,214.4804338,24.2175293,73.6316314,3.04042706,127.677002,281.6959636,2.206317186,502.4277344,1171.698298,2.332073287,2324.707764,3698.700124,1.591038746,3-years-old,0,0,0,0,0,0,4,0,0,4,0,0,0,0,0,0,0,0,0,0,0,12,0,21,0,3,0.950270539,0.56,2.272727273,0.509733967,NA,NA,NA,ZmMe-03,NA,-0.241654675,-1.913690007,542580.7096,6171537.286,74.46908517
128,Point (542590.95241462835110724 6171526.01889370568096638),2020,ZmMe,ZmMe-04,2.64,96.25,"55.68766145, 9.67745194",RestSG,55,55.68766145,9.67745194,226.7193957,322.1360347,213.5538946,47.52636719,68.72057926,1.445946394,132.7937012,304.6716586,2.294323119,439.5695801,1049.203155,2.386887542,2137.790527,3722.950526,1.741494538,3-years-old,0,0,0,2,0,2,2,0,1,0,0,0,0,0,0,0,0,0,0,0,0,10,1,23.47,0.95,6,1.380108757,0.648148148,2.842105263,0.361738369,NA,NA,NA,ZmMe-04,NA,-0.251521057,-1.488298189,542590.9524,6171526.019,74.42872009
129,Point (542780.10350573970936239 6171458.07447500992566347),2020,ZmMeNet,ZmMeNet-01,2.64,87.5,"55.68703435, 9.68044974",RestSG,181,55.68703435,9.68044974,79.2732016,399.4184562,165.1867808,15.51196289,48.31637575,3.114781546,69.37207031,168.2619784,2.425500316,246.2460938,596.998217,2.4243967,1191.933594,2520.47215,2.114607864,3-years-old,0,0,0,3,0,0,3,4,0,0,0,0,0,0,1,0,0,0,0,0,0,41,23,133.97,43.85,6,1.164025808,0.600888889,2.505567929,0.335362474,49.49751143,399.8344798,NA,ZmMeNet-01,1.074876103,-3.944330418,2.548240213,542780.1035,6171458.075,88.07211805
130,Point (542768.83630308520514518 6171447.49068344105035067),2020,ZmMeNet,ZmMeNet-02,2.64,NA,"55.68694025, 9.68026889",RestSG,182,55.68694025,9.68026889,94.07865542,406.4776164,176.5561879,18.18896484,40.43833196,2.223234379,78.44580078,195.9106744,2.497401676,266.9733887,759.2658113,2.84397563,653.5795898,2003.229104,3.065011721,3-years-old,0,0,0,1,0,0,3,2,0,4,0,0,0,0,0,0,0,1,0,0,0,11,4,34.03,5.65,7,1.636968303,0.75147929,4.023809524,0.386183961,NA,186.9219205,135.8142778,ZmMeNet-02,1.09667467,-0.324243202,-0.122237104,542768.8363,6171447.491,82.26440209
131,Point (542790.68761509284377098 6171447.14965292904525995),2020,ZmMeNet,ZmMeNet-03,2.64,93.75,"55.68693526, 9.68061637",RestSG,192,55.68693526,9.68061637,75.54454601,413.0273018,176.0134971,26.75268555,59.14265923,2.210718589,52.88452148,109.5141891,2.070817435,184.5744629,425.1887036,2.303616096,965.3598633,1815.966728,1.881129305,3-years-old,0,0,0,3,0,0,5,1,0,3,0,0,0,0,0,1,0,1,0,0,0,17,7,50.94,5.84,8,1.626405602,0.734072022,3.760416667,0.353014022,NA,676.9190263,337.1534576,ZmMeNet-03,1.07463434,-1.191119674,0.318846671,542790.6876,6171447.15,78.49193609
132,Point (542779.42021176754496992 6171436.90640855766832829),2020,ZmMeNet,ZmMeNet-04,2.64,NA,"55.68684422, 9.68043557",RestSG,193,55.68684422,9.68043557,90.55198498,419.5216808,186.3651474,16.8762207,31.15752514,1.846238307,37.42138672,101.5074212,2.712551034,202.1921387,486.6472419,2.406855405,521.4799805,1504.417711,2.884900222,3-years-old,0,0,0,0,0,0,4,3,0,1,0,0,0,0,0,0,1,1,0,0,0,16,4,43.99,3.99,7,1.442943671,0.666666667,3,0.342598895,NA,389.2694954,619.999446,ZmMeNet-04,1.05002928,-1.207416959,-0.504589342,542779.4202,6171436.907,84.68630705